{
    "0": 0.39735803559027777,
    "1": 0.03134342100694444,
    "2": 0.11642620138888889,
    "3": 0.015732663194444444,
    "4": 0.006181026041666667,
    "5": 0.010390142361111111,
    "6": 0.0011554874131944446,
    "7": 0.0010594908854166666,
    "8": 0.06222235243055556,
    "9": 0.027868778211805556,
    "10": 0.14586833333333332,
    "11": 0.0011513389756944445,
    "12": 0.00024112022569444444,
    "13": 0.020047240885416668,
    "14": 0.010926463107638888,
    "15": 0.002388451822916667,
    "16": 0.00317471875,
    "17": 0.00033090538194444443,
    "18": 5.1659288194444445e-05
}